frame,track_id,class_name,confidence,pixel_x,pixel_y,world_x,world_y
1,1.0,car,0.6870858669281006,634,190,-21.3359375,0.9368896484375
1,2.0,car,0.6819214224815369,733,197,-24.864681243896484,1.0110677480697632
1,3.0,car,0.6210325360298157,1128,205,-36.562931060791016,-0.25289642810821533
2,1.0,car,0.6260207891464233,634,190,-21.3359375,0.9368896484375
2,2.0,car,0.6329025626182556,734,196,-24.95199203491211,0.9144442081451416
2,3.0,car,0.5435044765472412,1128,205,-36.562931060791016,-0.25289642810821533
3,1.0,car,0.6542717218399048,634,190,-21.3359375,0.9368896484375
3,2.0,car,0.7273703217506409,735,195,-25.03961944580078,0.8174721002578735
3,3.0,car,0.571394681930542,1128,204,-36.62660598754883,-0.3303174674510956
4,1.0,car,0.6491234302520752,634,190,-21.3359375,0.9368896484375
4,3.0,car,0.5818778276443481,1128,204,-36.62660598754883,-0.3303174674510956
5,1.0,car,0.6174790263175964,635,190,-21.3772029876709,0.9308232665061951
5,3.0,car,0.61496502161026,1128,204,-36.62660598754883,-0.3303174674510956
5,2.0,car,0.561191201210022,732,195,-24.928613662719727,0.8344175815582275
6,1.0,car,0.6819181442260742,635,190,-21.3772029876709,0.9308232665061951
6,3.0,car,0.5922273397445679,1128,204,-36.62660598754883,-0.3303174674510956
6,2.0,car,0.5619545578956604,732,195,-24.928613662719727,0.8344175815582275
7,1.0,car,0.6864163875579834,635,189,-21.422483444213867,0.8334540128707886
7,3.0,car,0.5972727537155151,1128,205,-36.562931060791016,-0.25289642810821533
7,2.0,car,0.6529145240783691,731,195,-24.891538619995117,0.8400772213935852
8,1.0,car,0.6956924796104431,635,189,-21.422483444213867,0.8334540128707886
8,3.0,car,0.5053531527519226,1128,204,-36.62660598754883,-0.3303174674510956
8,2.0,car,0.6292336583137512,731,195,-24.891538619995117,0.8400772213935852
9,1.0,car,0.6672954559326172,635,189,-21.422483444213867,0.8334540128707886
9,3.0,car,0.5155301094055176,1128,204,-36.62660598754883,-0.3303174674510956
10,1.0,car,0.634178102016449,636,189,-21.46378517150879,0.8274301290512085
10,3.0,car,0.5715927481651306,1129,204,-36.652347564697266,-0.3344985544681549
10,2.0,car,0.6246448755264282,728,194,-24.83062744140625,0.7651466131210327
11,3.0,car,0.6639811396598816,1129,204,-36.652347564697266,-0.3344985544681549
11,2.0,car,0.7225797772407532,730,193,-24.955968856811523,0.6615610122680664
12,3.0,car,0.6767212748527527,1128,203,-36.690521240234375,-0.4080318212509155
12,2.0,car,0.5044578313827515,729,193,-24.918699264526367,0.6671668291091919
12,4.0,car,0.634391188621521,876,186,-30.44407081604004,-0.726332426071167
12,1.0,car,0.5098250508308411,635,187,-21.513713836669922,0.6372778415679932
13,3.0,car,0.6587918996810913,1128,203,-36.690521240234375,-0.4080318212509155
13,4.0,car,0.5915549993515015,876,186,-30.44407081604004,-0.726332426071167
13,1.0,car,0.5310422778129578,635,187,-21.513713836669922,0.6372778415679932
14,3.0,car,0.6284737586975098,1128,203,-36.690521240234375,-0.4080318212509155
14,4.0,car,0.5323417782783508,876,186,-30.44407081604004,-0.726332426071167
14,1.0,car,0.5568739175796509,636,187,-21.55516815185547,0.6313276290893555
15,3.0,car,0.597725510597229,1127,203,-36.66473388671875,-0.40387094020843506
15,1.0,car,0.7074838280677795,636,187,-21.55516815185547,0.6313276290893555
16,3.0,car,0.5542909502983093,1127,202,-36.7288703918457,-0.48190411925315857
16,1.0,car,0.7023217678070068,636,187,-21.55516815185547,0.6313276290893555
17,1.0,car,0.7200782895088196,636,187,-21.55516815185547,0.6313276290893555
18,1.0,car,0.7211462259292603,636,187,-21.55516815185547,0.6313276290893555
18,3.0,car,0.5382051467895508,1127,202,-36.7288703918457,-0.48190411925315857
19,1.0,car,0.7030242681503296,636,187,-21.55516815185547,0.6313276290893555
19,3.0,car,0.6165128350257874,1127,202,-36.7288703918457,-0.48190411925315857
20,1.0,car,0.7269190549850464,637,187,-21.596580505371094,0.6253836750984192
20,3.0,car,0.6231692433357239,1126,202,-36.703041076660156,-0.47776365280151367
21,1.0,car,0.6939432621002197,637,187,-21.596580505371094,0.6253836750984192
21,3.0,car,0.6134718656539917,1127,202,-36.7288703918457,-0.48190411925315857
21,2.0,car,0.5481283664703369,726,190,-24.96001625061035,0.4041301906108856
22,1.0,car,0.7021085619926453,637,187,-21.596580505371094,0.6253836750984192
22,3.0,car,0.5926105380058289,1127,202,-36.7288703918457,-0.48190411925315857
22,2.0,car,0.6753517389297485,726,191,-24.908662796020508,0.4978601038455963
23,1.0,car,0.6994559168815613,637,186,-21.642688751220703,0.5266445875167847
23,3.0,car,0.6216230988502502,1127,202,-36.7288703918457,-0.48190411925315857
23,2.0,car,0.6204320788383484,726,191,-24.908662796020508,0.4978601038455963
24,1.0,car,0.6965805292129517,638,186,-21.68413543701172,0.5207443237304688
24,3.0,car,0.6194265484809875,1127,203,-36.66473388671875,-0.40387094020843506
24,2.0,car,0.6467729210853577,727,191,-24.9461669921875,0.49230408668518066
25,1.0,car,0.7131306529045105,638,186,-21.68413543701172,0.5207443237304688
25,3.0,car,0.631657063961029,1127,202,-36.7288703918457,-0.48190411925315857
25,2.0,car,0.6322253942489624,727,191,-24.9461669921875,0.49230408668518066
26,1.0,car,0.7157644033432007,638,187,-21.637948989868164,0.6194459795951843
26,3.0,car,0.6131312251091003,1127,202,-36.7288703918457,-0.48190411925315857
26,2.0,car,0.6158820986747742,727,191,-24.9461669921875,0.49230408668518066
27,1.0,car,0.6553808450698853,638,187,-21.637948989868164,0.6194459795951843
27,3.0,car,0.621713399887085,1126,202,-36.703041076660156,-0.47776365280151367
27,2.0,car,0.5852372646331787,728,191,-24.983633041381836,0.48675358295440674
28,1.0,car,0.6927919387817383,639,186,-21.725536346435547,0.5148502588272095
28,3.0,car,0.5820680856704712,1126,202,-36.703041076660156,-0.47776365280151367
28,2.0,car,0.5950499176979065,727,190,-24.997581481933594,0.3986079692840576
29,1.0,car,0.7331385016441345,638,186,-21.68413543701172,0.5207443237304688
29,2.0,car,0.6476976871490479,721,190,-24.771629333496094,0.4318242371082306
30,1.0,car,0.6907485723495483,639,186,-21.725536346435547,0.5148502588272095
30,2.0,car,0.5695158839225769,719,189,-24.747163772583008,0.3485327661037445
31,1.0,car,0.7097047567367554,639,186,-21.725536346435547,0.5148502588272095
31,2.0,car,0.593176007270813,719,189,-24.747163772583008,0.3485327661037445
31,3.0,car,0.5044385194778442,1126,202,-36.703041076660156,-0.47776365280151367
32,1.0,car,0.7151685953140259,639,186,-21.725536346435547,0.5148502588272095
32,2.0,car,0.627788782119751,719,189,-24.747163772583008,0.3485327661037445
33,1.0,car,0.7150617837905884,639,186,-21.725536346435547,0.5148502588272095
33,2.0,car,0.5781596899032593,719,189,-24.747163772583008,0.3485327661037445
33,3.0,car,0.516905665397644,1126,202,-36.703041076660156,-0.47776365280151367
34,1.0,car,0.7349767684936523,640,186,-21.766895294189453,0.5089623928070068
34,2.0,car,0.534121572971344,718,189,-24.7092342376709,0.3540650010108948
34,3.0,car,0.5318296551704407,1126,202,-36.703041076660156,-0.47776365280151367
35,1.0,car,0.7504065036773682,640,186,-21.766895294189453,0.5089623928070068
35,2.0,car,0.5152832269668579,717,190,-24.6202392578125,0.45407944917678833
35,3.0,car,0.5557400584220886,1125,202,-36.677188873291016,-0.47361984848976135
36,1.0,car,0.7494786381721497,640,187,-21.72055435180664,0.6075892448425293
36,2.0,car,0.5805263519287109,717,189,-24.671266555786133,0.35960280895233154
36,3.0,car,0.517907440662384,1126,202,-36.703041076660156,-0.47776365280151367
37,1.0,car,0.755363941192627,640,187,-21.72055435180664,0.6075892448425293
37,2.0,car,0.6599275469779968,717,189,-24.671266555786133,0.35960280895233154
37,3.0,car,0.5337728261947632,1126,202,-36.703041076660156,-0.47776365280151367
38,1.0,car,0.7552116513252258,641,187,-21.76179313659668,0.6016702651977539
38,2.0,car,0.6424105763435364,716,189,-24.63326072692871,0.3651461601257324
38,3.0,car,0.5423824787139893,1126,202,-36.703041076660156,-0.47776365280151367
39,1.0,car,0.7574807405471802,640,187,-21.72055435180664,0.6075892448425293
39,2.0,car,0.5844501256942749,715,189,-24.595216751098633,0.3706950843334198
39,3.0,car,0.5712277889251709,1126,202,-36.703041076660156,-0.47776365280151367
40,1.0,car,0.7583023309707642,640,188,-21.674442291259766,0.7057331800460815
40,2.0,car,0.5893116593360901,715,189,-24.595216751098633,0.3706950843334198
40,3.0,car,0.5811185240745544,1125,202,-36.677188873291016,-0.47361984848976135
41,1.0,car,0.7412871718406677,641,188,-21.71560287475586,0.6997772455215454
41,2.0,car,0.6706541776657104,715,190,-24.544315338134766,0.4652405381202698
41,3.0,car,0.5610584020614624,1125,202,-36.677188873291016,-0.47361984848976135
42,1.0,car,0.7305864095687866,641,189,-21.66963768005371,0.7974053025245667
42,2.0,car,0.6643368005752563,714,190,-24.506296157836914,0.4708295166492462
42,3.0,car,0.5429845452308655,1126,202,-36.703041076660156,-0.47776365280151367
43,1.0,car,0.7402116060256958,642,188,-21.75672149658203,0.6938275694847107
43,2.0,car,0.6312673687934875,712,189,-24.480854034423828,0.38737544417381287
43,3.0,car,0.5298453569412231,1125,202,-36.677188873291016,-0.47361984848976135
44,1.0,car,0.7601006627082825,642,189,-21.71068000793457,0.7914191484451294
44,2.0,car,0.5731450319290161,712,189,-24.480854034423828,0.38737544417381287
44,3.0,car,0.538253128528595,1125,202,-36.677188873291016,-0.47361984848976135
45,1.0,car,0.7558343410491943,642,188,-21.75672149658203,0.6938275694847107
45,2.0,car,0.63709557056427,711,189,-24.442657470703125,0.3929467499256134
45,3.0,car,0.5163934826850891,1126,202,-36.703041076660156,-0.47776365280151367
46,1.0,car,0.7581273317337036,642,189,-21.71068000793457,0.7914191484451294
46,2.0,car,0.686985969543457,711,189,-24.442657470703125,0.3929467499256134
46,3.0,car,0.5189892649650574,1125,202,-36.677188873291016,-0.47361984848976135
47,1.0,car,0.7465024590492249,642,189,-21.71068000793457,0.7914191484451294
47,2.0,car,0.6227567195892334,710,189,-24.404420852661133,0.3985237181186676
48,1.0,car,0.6953909993171692,643,189,-21.751678466796875,0.7854392528533936
48,2.0,car,0.6244145035743713,710,189,-24.404420852661133,0.3985237181186676
48,3.0,car,0.5891129374504089,1125,202,-36.677188873291016,-0.47361984848976135
49,1.0,car,0.6795017123222351,643,189,-21.751678466796875,0.7854392528533936
49,2.0,car,0.5703094601631165,708,189,-24.32783317565918,0.40969449281692505
49,3.0,car,0.5592544078826904,1124,202,-36.65131378173828,-0.4694726765155792
50,1.0,car,0.68158358335495,644,189,-21.792634963989258,0.7794656157493591
50,2.0,car,0.5874783992767334,708,189,-24.32783317565918,0.40969449281692505
50,3.0,car,0.5351095795631409,1124,202,-36.65131378173828,-0.4694726765155792
51,1.0,car,0.7287642955780029,644,189,-21.792634963989258,0.7794656157493591
51,2.0,car,0.592302680015564,709,189,-24.366146087646484,0.4041062891483307
51,3.0,car,0.5844988822937012,1124,202,-36.65131378173828,-0.4694726765155792
52,1.0,car,0.7550234794616699,644,189,-21.792634963989258,0.7794656157493591
53,1.0,car,0.7520564794540405,644,189,-21.792634963989258,0.7794656157493591
53,2.0,car,0.5238812565803528,707,189,-24.289480209350586,0.4152883291244507
54,1.0,car,0.7176633477210999,644,189,-21.792634963989258,0.7794656157493591
54,2.0,car,0.563157320022583,707,189,-24.289480209350586,0.4152883291244507
54,3.0,car,0.5256929397583008,1124,202,-36.65131378173828,-0.4694726765155792
55,1.0,car,0.6641713380813599,645,190,-21.787504196166992,0.870506763458252
55,2.0,car,0.5661510229110718,707,189,-24.289480209350586,0.4152883291244507
56,1.0,car,0.6353684663772583,645,190,-21.787504196166992,0.870506763458252
56,2.0,car,0.6153221726417542,707,189,-24.289480209350586,0.4152883291244507
57,1.0,car,0.5937879085540771,645,190,-21.787504196166992,0.870506763458252
57,2.0,car,0.6244449615478516,707,189,-24.289480209350586,0.4152883291244507
57,3.0,car,0.5261629223823547,1125,202,-36.677188873291016,-0.47361984848976135
58,1.0,car,0.6858793497085571,646,190,-21.82830047607422,0.8645095825195312
58,2.0,car,0.6309410333633423,706,189,-24.251089096069336,0.42088782787323
58,3.0,car,0.5354359149932861,1125,202,-36.677188873291016,-0.47361984848976135
59,1.0,car,0.719537615776062,646,190,-21.82830047607422,0.8645095825195312
59,2.0,car,0.6189862489700317,706,189,-24.251089096069336,0.42088782787323
59,3.0,car,0.6150040626525879,1124,202,-36.65131378173828,-0.4694726765155792
60,1.0,car,0.7273411750793457,647,190,-21.86905288696289,0.858518660068512
60,2.0,car,0.6593078970909119,706,189,-24.251089096069336,0.42088782787323
60,3.0,car,0.5877352356910706,1124,202,-36.65131378173828,-0.4694726765155792
61,1.0,car,0.7690021395683289,648,190,-21.909765243530273,0.8525339365005493
61,2.0,car,0.655819833278656,706,189,-24.251089096069336,0.42088782787323
61,3.0,car,0.6458238959312439,1126,202,-36.703041076660156,-0.47776365280151367
62,1.0,car,0.7640687823295593,648,190,-21.909765243530273,0.8525339365005493
62,2.0,car,0.658159613609314,705,189,-24.21265983581543,0.4264930188655853
62,3.0,car,0.6624301671981812,1127,202,-36.7288703918457,-0.48190411925315857
63,1.0,car,0.7576425671577454,648,190,-21.909765243530273,0.8525339365005493
63,2.0,car,0.6520230770111084,705,189,-24.21265983581543,0.4264930188655853
63,3.0,car,0.6448454260826111,1127,203,-36.66473388671875,-0.40387094020843506
64,1.0,car,0.7260509729385376,649,190,-21.9504337310791,0.8465554118156433
64,2.0,car,0.6485885381698608,705,189,-24.21265983581543,0.4264930188655853
64,3.0,car,0.6254474520683289,1127,203,-36.66473388671875,-0.40387094020843506
65,1.0,car,0.6902908086776733,650,190,-21.991060256958008,0.8405831456184387
65,2.0,car,0.5938029885292053,705,189,-24.21265983581543,0.4264930188655853
65,3.0,car,0.6136850714683533,1126,202,-36.703041076660156,-0.47776365280151367
66,1.0,car,0.6198872923851013,650,190,-21.991060256958008,0.8405831456184387
66,2.0,car,0.5741075277328491,705,188,-24.263154983520508,0.33115288615226746
66,3.0,car,0.5712712407112122,1126,202,-36.703041076660156,-0.47776365280151367
67,1.0,car,0.6394326686859131,650,190,-21.991060256958008,0.8405831456184387
67,2.0,car,0.5534657835960388,706,188,-24.30164909362793,0.32558274269104004
67,3.0,car,0.5430766344070435,1126,202,-36.703041076660156,-0.47776365280151367
68,1.0,car,0.6751290559768677,651,190,-22.03164291381836,0.834617018699646
68,2.0,car,0.6393868923187256,705,188,-24.263154983520508,0.33115288615226746
68,3.0,car,0.6063055396080017,1125,202,-36.677188873291016,-0.47361984848976135
69,1.0,car,0.701972484588623,650,190,-21.991060256958008,0.8405831456184387
69,2.0,car,0.6288301944732666,705,188,-24.263154983520508,0.33115288615226746
69,3.0,car,0.5949732661247253,1126,202,-36.703041076660156,-0.47776365280151367
70,1.0,car,0.6840923428535461,651,190,-22.03164291381836,0.834617018699646
70,2.0,car,0.5819858312606812,705,188,-24.263154983520508,0.33115288615226746
70,3.0,car,0.6194657683372498,1125,202,-36.677188873291016,-0.47361984848976135
71,1.0,car,0.7098059058189392,652,191,-22.025842666625977,0.9249471426010132
71,2.0,car,0.6152921915054321,705,189,-24.21265983581543,0.4264930188655853
71,3.0,car,0.5720374584197998,1126,204,-36.57505798339844,-0.3219451308250427
72,1.0,car,0.7360389232635498,652,191,-22.025842666625977,0.9249471426010132
72,2.0,car,0.6425831913948059,705,189,-24.21265983581543,0.4264930188655853
72,3.0,car,0.7011120915412903,1126,204,-36.57505798339844,-0.3219451308250427
73,1.0,car,0.7296230792999268,652,190,-22.072185516357422,0.8286570906639099
73,2.0,car,0.6728779077529907,705,189,-24.21265983581543,0.4264930188655853
73,3.0,car,0.6500250101089478,1125,203,-36.61309814453125,-0.3955390751361847
74,1.0,car,0.7065118551254272,653,190,-22.112686157226562,0.8227033615112305
74,2.0,car,0.6894406080245972,705,189,-24.21265983581543,0.4264930188655853
74,3.0,car,0.6506970524787903,1125,203,-36.61309814453125,-0.3955390751361847
75,2.0,car,0.6100373268127441,705,188,-24.263154983520508,0.33115288615226746
75,3.0,car,0.5972943305969238,1124,202,-36.65131378173828,-0.4694726765155792
76,2.0,car,0.5147768259048462,705,188,-24.263154983520508,0.33115288615226746
76,3.0,car,0.5716749429702759,1124,202,-36.65131378173828,-0.4694726765155792
77,3.0,car,0.6019595861434937,1124,202,-36.65131378173828,-0.4694726765155792
78,3.0,car,0.579777181148529,1124,202,-36.65131378173828,-0.4694726765155792
78,1.0,car,0.5612024664878845,655,190,-22.193561553955078,0.8108143210411072
79,3.0,car,0.588860034942627,1123,202,-36.62541961669922,-0.4653221070766449
79,1.0,car,0.5690311193466187,655,190,-22.193561553955078,0.8108143210411072
80,3.0,car,0.6481634378433228,1124,202,-36.65131378173828,-0.4694726765155792
80,1.0,car,0.7175462245941162,655,190,-22.193561553955078,0.8108143210411072
80,2.0,car,0.5120140910148621,703,188,-24.186046600341797,0.3423101007938385
81,3.0,car,0.6357384920120239,1125,202,-36.677188873291016,-0.47361984848976135
81,1.0,car,0.690250039100647,656,190,-22.23393440246582,0.8048790693283081
81,2.0,car,0.5961350202560425,704,189,-24.174190521240234,0.43210384249687195
82,3.0,car,0.6656871438026428,1126,203,-36.6389274597168,-0.3997066915035248
82,1.0,car,0.7088673710823059,656,191,-22.187297821044922,0.9010276794433594
82,2.0,car,0.647170901298523,704,189,-24.174190521240234,0.43210384249687195
83,3.0,car,0.6791464686393738,1127,203,-36.66473388671875,-0.40387094020843506
83,1.0,car,0.704628586769104,656,191,-22.187297821044922,0.9010276794433594
83,2.0,car,0.6737574934959412,704,189,-24.174190521240234,0.43210384249687195
84,3.0,car,0.6682849526405334,1127,203,-36.66473388671875,-0.40387094020843506
84,1.0,car,0.6977408528327942,657,191,-22.227558135986328,0.8950632810592651
84,2.0,car,0.6614913940429688,704,188,-24.224620819091797,0.33672866225242615
85,3.0,car,0.6687034368515015,1127,203,-36.66473388671875,-0.40387094020843506
85,1.0,car,0.6679956912994385,658,191,-22.267776489257812,0.889104962348938
85,2.0,car,0.5448604226112366,705,188,-24.263154983520508,0.33115288615226746
86,3.0,car,0.6552028656005859,1127,203,-36.66473388671875,-0.40387094020843506
86,1.0,car,0.6895702481269836,657,191,-22.227558135986328,0.8950632810592651
86,2.0,car,0.5311461687088013,704,188,-24.224620819091797,0.33672866225242615
87,3.0,car,0.6460340023040771,1127,203,-36.66473388671875,-0.40387094020843506
87,1.0,car,0.7033584713935852,657,192,-22.181072235107422,0.9907146096229553
87,2.0,car,0.5975303649902344,704,188,-24.224620819091797,0.33672866225242615
88,3.0,car,0.6431745290756226,1127,203,-36.66473388671875,-0.40387094020843506
88,1.0,car,0.7192592620849609,657,192,-22.181072235107422,0.9907146096229553
89,3.0,car,0.6276679635047913,1126,203,-36.6389274597168,-0.3997066915035248
89,1.0,car,0.6260768175125122,658,191,-22.267776489257812,0.889104962348938
90,3.0,car,0.5796713829040527,1125,202,-36.677188873291016,-0.47361984848976135
90,1.0,car,0.5660828351974487,660,190,-22.395017623901367,0.7811991572380066
91,3.0,car,0.5503745675086975,1124,202,-36.65131378173828,-0.4694726765155792
91,1.0,car,0.5871740579605103,662,190,-22.475309371948242,0.7693958282470703
92,3.0,car,0.5971527099609375,1124,202,-36.65131378173828,-0.4694726765155792
92,1.0,car,0.6253042817115784,663,190,-22.515392303466797,0.7635033130645752
93,3.0,car,0.5679535865783691,1124,202,-36.65131378173828,-0.4694726765155792
93,1.0,car,0.6378374695777893,663,190,-22.515392303466797,0.7635033130645752
94,3.0,car,0.5681717395782471,1124,202,-36.65131378173828,-0.4694726765155792
94,1.0,car,0.6369513869285583,663,190,-22.515392303466797,0.7635033130645752
95,1.0,car,0.6684452295303345,663,191,-22.46824836730957,0.8594053983688354
96,1.0,car,0.6217091083526611,664,190,-22.555435180664062,0.7576168179512024
96,3.0,car,0.5292146801948547,1124,202,-36.65131378173828,-0.4694726765155792
97,1.0,car,0.627916693687439,664,190,-22.555435180664062,0.7576168179512024
97,3.0,car,0.5505069494247437,1124,202,-36.65131378173828,-0.4694726765155792
98,1.0,car,0.6297290325164795,664,190,-22.555435180664062,0.7576168179512024
99,1.0,car,0.6066348552703857,665,190,-22.595436096191406,0.7517364025115967
100,1.0,car,0.6359180212020874,665,190,-22.595436096191406,0.7517364025115967
101,1.0,car,0.6622578501701355,665,190,-22.595436096191406,0.7517364025115967
102,1.0,car,0.6420816779136658,665,191,-22.548147201538086,0.8475682139396667
103,1.0,car,0.555521547794342,666,190,-22.63539695739746,0.7458620667457581
104,1.0,car,0.6198052763938904,666,190,-22.63539695739746,0.7458620667457581
104,3.0,car,0.5488327741622925,1126,202,-36.703041076660156,-0.47776365280151367
105,1.0,car,0.6534591317176819,666,189,-22.682985305786133,0.6496037244796753
105,3.0,car,0.5323197245597839,1127,201,-36.793251037597656,-0.5602341294288635
105,2.0,car,0.5318689346313477,704,184,-24.428749084472656,-0.04933378845453262
106,1.0,car,0.6462694406509399,665,189,-22.64295196533203,0.6554425358772278
106,3.0,car,0.5289597511291504,1127,201,-36.793251037597656,-0.5602341294288635
106,2.0,car,0.5270600318908691,704,183,-24.48039436340332,-0.14700624346733093
107,1.0,car,0.6365406513214111,665,189,-22.64295196533203,0.6554425358772278
107,3.0,car,0.555220901966095,1127,201,-36.793251037597656,-0.5602341294288635
108,1.0,car,0.6174174547195435,665,190,-22.595436096191406,0.7517364025115967
108,3.0,car,0.5715346932411194,1127,201,-36.793251037597656,-0.5602341294288635
109,1.0,car,0.5958572030067444,666,190,-22.63539695739746,0.7458620667457581
109,3.0,car,0.5558940172195435,1127,201,-36.793251037597656,-0.5602341294288635
110,1.0,car,0.5419716238975525,666,190,-22.63539695739746,0.7458620667457581
110,3.0,car,0.556681752204895,1127,201,-36.793251037597656,-0.5602341294288635
111,1.0,car,0.5832384824752808,666,190,-22.63539695739746,0.7458620667457581
111,3.0,car,0.5520459413528442,1127,201,-36.793251037597656,-0.5602341294288635
111,2.0,car,0.5083996653556824,703,184,-24.389911651611328,-0.0438966229557991
112,3.0,car,0.5120192170143127,1127,201,-36.793251037597656,-0.5602341294288635
113,3.0,car,0.5040149092674255,1127,201,-36.793251037597656,-0.5602341294288635
113,1.0,car,0.5343770384788513,666,189,-22.682985305786133,0.6496037244796753
114,3.0,car,0.5338191986083984,1127,201,-36.793251037597656,-0.5602341294288635
114,1.0,car,0.5615719556808472,666,190,-22.63539695739746,0.7458620667457581
115,3.0,car,0.5590355396270752,1127,201,-36.793251037597656,-0.5602341294288635
115,1.0,car,0.6015520691871643,666,190,-22.63539695739746,0.7458620667457581
116,3.0,car,0.5888971090316772,1127,201,-36.793251037597656,-0.5602341294288635
116,1.0,car,0.6350443363189697,666,190,-22.63539695739746,0.7458620667457581
117,3.0,car,0.5830528736114502,1127,201,-36.793251037597656,-0.5602341294288635
117,1.0,car,0.575541615486145,666,190,-22.63539695739746,0.7458620667457581
118,3.0,car,0.5969647765159607,1127,202,-36.7288703918457,-0.48190411925315857
118,1.0,car,0.5046912431716919,667,190,-22.675315856933594,0.7399937510490417
119,3.0,car,0.6087927222251892,1127,201,-36.793251037597656,-0.5602341294288635
120,3.0,car,0.6083800196647644,1127,201,-36.793251037597656,-0.5602341294288635
121,3.0,car,0.6255431175231934,1127,201,-36.793251037597656,-0.5602341294288635
122,3.0,car,0.6143134236335754,1126,201,-36.767398834228516,-0.5561177134513855
122,1.0,car,0.5318289399147034,669,190,-22.755029678344727,0.7282751798629761
123,3.0,car,0.6138513684272766,1126,201,-36.767398834228516,-0.5561177134513855
123,5.0,person,0.5711585283279419,318,259,-5.231474876403809,9.53066349029541
124,3.0,car,0.622542679309845,1126,201,-36.767398834228516,-0.5561177134513855
124,5.0,person,0.5195000171661377,318,259,-5.231474876403809,9.53066349029541
125,3.0,car,0.6341395974159241,1127,201,-36.793251037597656,-0.5602341294288635
125,5.0,person,0.5669917464256287,318,259,-5.231474876403809,9.53066349029541
126,3.0,car,0.6213933825492859,1127,201,-36.793251037597656,-0.5602341294288635
126,5.0,person,0.5835644602775574,318,259,-5.231474876403809,9.53066349029541
127,3.0,car,0.6088919639587402,1127,201,-36.793251037597656,-0.5602341294288635
127,5.0,person,0.574390709400177,318,258,-5.237203598022461,9.454567909240723
128,3.0,car,0.6352173089981079,1127,201,-36.793251037597656,-0.5602341294288635
128,5.0,person,0.5466161966323853,319,258,-5.28684139251709,9.44405746459961
128,1.0,car,0.5266479253768921,674,190,-22.953603744506836,0.6990839242935181
129,3.0,car,0.6543713808059692,1126,201,-36.767398834228516,-0.5561177134513855
129,5.0,person,0.5468012690544128,318,259,-5.231474876403809,9.53066349029541
129,1.0,car,0.5330548286437988,672,191,-22.82651138305664,0.8063290119171143
130,3.0,car,0.6309871673583984,1126,201,-36.767398834228516,-0.5561177134513855
130,5.0,person,0.5492081046104431,318,259,-5.231474876403809,9.53066349029541
130,1.0,car,0.5547193288803101,675,190,-22.993196487426758,0.693263590335846
131,3.0,car,0.6120080947875977,1126,201,-36.767398834228516,-0.5561177134513855
131,5.0,person,0.5478145480155945,318,259,-5.231474876403809,9.53066349029541
132,3.0,car,0.6027228832244873,1126,201,-36.767398834228516,-0.5561177134513855
132,5.0,person,0.5552746057510376,318,259,-5.231474876403809,9.53066349029541
133,3.0,car,0.5770477056503296,1126,201,-36.767398834228516,-0.5561177134513855
133,5.0,person,0.5851653814315796,318,258,-5.237203598022461,9.454567909240723
134,3.0,car,0.5804868340492249,1127,201,-36.793251037597656,-0.5602341294288635
134,5.0,person,0.5404708981513977,318,258,-5.237203598022461,9.454567909240723
134,1.0,car,0.5042574405670166,680,189,-23.23912811279297,0.5684875249862671
135,3.0,car,0.5847166776657104,1127,201,-36.793251037597656,-0.5602341294288635
135,5.0,person,0.5210702419281006,318,258,-5.237203598022461,9.454567909240723
135,1.0,car,0.533416211605072,681,190,-23.229902267456055,0.6584664583206177
136,3.0,car,0.583009660243988,1127,201,-36.793251037597656,-0.5602341294288635
136,5.0,person,0.5491665601730347,318,258,-5.237203598022461,9.454567909240723
136,1.0,car,0.5610666275024414,681,190,-23.229902267456055,0.6584664583206177
137,3.0,car,0.5726473927497864,1126,200,-36.832000732421875,-0.6347705721855164
137,5.0,person,0.5547451376914978,318,258,-5.237203598022461,9.454567909240723
138,3.0,car,0.5456867218017578,1126,200,-36.832000732421875,-0.6347705721855164
138,5.0,person,0.5556254982948303,318,259,-5.231474876403809,9.53066349029541
139,3.0,car,0.5346055030822754,1127,200,-36.85787582397461,-0.6388627886772156
139,5.0,person,0.5353969931602478,318,258,-5.237203598022461,9.454567909240723
139,6.0,car,0.6420917510986328,1282,202,-40.49392318725586,-1.0854003429412842
140,3.0,car,0.5561845302581787,1127,199,-36.92274856567383,-0.7177916765213013
140,5.0,person,0.5598863363265991,318,258,-5.237203598022461,9.454567909240723
140,6.0,car,0.5534844398498535,1283,201,-40.584075927734375,-1.1638000011444092
141,3.0,car,0.5463021993637085,1127,199,-36.92274856567383,-0.7177916765213013
141,5.0,person,0.5490860342979431,318,257,-5.242960453033447,9.37809944152832
141,6.0,car,0.5288043022155762,1283,201,-40.584075927734375,-1.1638000011444092
142,3.0,car,0.5336943864822388,1127,198,-36.98786926269531,-0.7970225811004639
142,5.0,person,0.5440260171890259,318,257,-5.242960453033447,9.37809944152832
142,6.0,car,0.5473071932792664,1283,201,-40.584075927734375,-1.1638000011444092
143,3.0,car,0.5501847863197327,1127,198,-36.98786926269531,-0.7970225811004639
143,5.0,person,0.5512357950210571,318,258,-5.237203598022461,9.454567909240723
143,6.0,car,0.5094025731086731,1284,201,-40.60691452026367,-1.1674364805221558
143,1.0,car,0.5167178511619568,682,189,-23.31792640686035,0.5569943189620972
144,3.0,car,0.5486275553703308,1127,198,-36.98786926269531,-0.7970225811004639
144,5.0,person,0.552821934223175,318,258,-5.237203598022461,9.454567909240723
144,6.0,car,0.5233525633811951,1283,201,-40.584075927734375,-1.1638000011444092
144,1.0,car,0.5611644387245178,681,189,-23.278547286987305,0.5627380013465881
145,3.0,car,0.543565034866333,1127,198,-36.98786926269531,-0.7970225811004639
145,5.0,person,0.5343452095985413,318,257,-5.242960453033447,9.37809944152832
145,1.0,car,0.6470144987106323,681,189,-23.278547286987305,0.5627380013465881
146,3.0,car,0.547840416431427,1127,199,-36.92274856567383,-0.7177916765213013
146,5.0,person,0.5452131032943726,318,258,-5.237203598022461,9.454567909240723
146,1.0,car,0.5800597071647644,681,189,-23.278547286987305,0.5627380013465881
146,6.0,car,0.541869580745697,1283,201,-40.584075927734375,-1.1638000011444092
147,3.0,car,0.5372177958488464,1126,200,-36.832000732421875,-0.6347705721855164
147,1.0,car,0.6131831407546997,681,190,-23.229902267456055,0.6584664583206177
147,6.0,car,0.566339910030365,1282,202,-40.49392318725586,-1.0854003429412842
148,3.0,car,0.5017789602279663,1126,200,-36.832000732421875,-0.6347705721855164
148,1.0,car,0.6186296939849854,681,190,-23.229902267456055,0.6584664583206177
148,6.0,car,0.5760461688041687,1283,202,-40.51676559448242,-1.0890617370605469
148,5.0,person,0.5007545948028564,318,258,-5.237203598022461,9.454567909240723
149,1.0,car,0.5232704877853394,681,190,-23.229902267456055,0.6584664583206177
149,6.0,car,0.5598596334457397,1282,202,-40.49392318725586,-1.0854003429412842
150,6.0,car,0.5492575764656067,1282,202,-40.49392318725586,-1.0854003429412842
150,3.0,car,0.5141177773475647,1126,200,-36.832000732421875,-0.6347705721855164
151,6.0,car,0.548997700214386,1282,202,-40.49392318725586,-1.0854003429412842
151,3.0,car,0.5113123655319214,1127,200,-36.85787582397461,-0.6388627886772156
151,5.0,person,0.5048372149467468,318,259,-5.231474876403809,9.53066349029541
152,6.0,car,0.5607414245605469,1282,202,-40.49392318725586,-1.0854003429412842
152,3.0,car,0.5253502726554871,1127,200,-36.85787582397461,-0.6388627886772156
152,5.0,person,0.5577321648597717,318,259,-5.231474876403809,9.53066349029541
153,5.0,person,0.539243757724762,318,260,-5.22577428817749,9.606389999389648
153,1.0,car,0.5176165103912354,681,191,-23.181489944458008,0.7537392973899841
154,5.0,person,0.5647379755973816,318,260,-5.22577428817749,9.606389999389648
155,5.0,person,0.5363118052482605,318,260,-5.22577428817749,9.606389999389648
155,6.0,car,0.5192061066627502,1282,201,-40.56121826171875,-1.1601606607437134
155,3.0,car,0.5558487176895142,1127,198,-36.98786926269531,-0.7970225811004639
156,3.0,car,0.5369337201118469,1127,198,-36.98786926269531,-0.7970225811004639
157,3.0,car,0.5788415670394897,1128,198,-37.013771057128906,-0.8010623455047607
158,3.0,car,0.5625402927398682,1127,198,-36.98786926269531,-0.7970225811004639
158,1.0,car,0.5525064468383789,683,192,-23.211612701416016,0.8368698358535767
158,5.0,person,0.5637819766998291,319,261,-5.2693867683410645,9.671196937561035
159,3.0,car,0.5381316542625427,1127,199,-36.92274856567383,-0.7177916765213013
159,1.0,car,0.5650162100791931,684,192,-23.25070571899414,0.8310338258743286
160,3.0,car,0.5456233620643616,1127,200,-36.85787582397461,-0.6388627886772156
160,1.0,car,0.690924346446991,684,195,-23.10690689086914,1.1125110387802124
160,6.0,car,0.5028975605964661,1282,201,-40.56121826171875,-1.1601606607437134
161,3.0,car,0.5397614240646362,1127,201,-36.793251037597656,-0.5602341294288635
161,6.0,car,0.5150108337402344,1282,201,-40.56121826171875,-1.1601606607437134
162,3.0,car,0.541147768497467,1127,202,-36.7288703918457,-0.48190411925315857
162,1.0,car,0.6395509243011475,685,197,-23.050878524780273,1.2919687032699585
163,3.0,car,0.6845985054969788,1127,203,-36.66473388671875,-0.40387094020843506
164,3.0,car,0.6787223815917969,1126,203,-36.6389274597168,-0.3997066915035248
164,1.0,car,0.5397793054580688,686,199,-22.99542999267578,1.46957528591156
165,3.0,car,0.6779584884643555,1126,203,-36.6389274597168,-0.3997066915035248
166,3.0,car,0.6700630784034729,1126,203,-36.6389274597168,-0.3997066915035248
166,1.0,car,0.5796499848365784,686,199,-22.99542999267578,1.46957528591156
167,3.0,car,0.6510139107704163,1126,203,-36.6389274597168,-0.3997066915035248
167,1.0,car,0.5217504501342773,686,199,-22.99542999267578,1.46957528591156
168,3.0,car,0.594264566898346,1126,204,-36.57505798339844,-0.3219451308250427
168,1.0,car,0.6474504470825195,686,201,-22.902175903320312,1.6514689922332764
168,5.0,person,0.5076287984848022,320,269,-5.272380828857422,10.25042724609375
169,3.0,car,0.5811569690704346,1126,204,-36.57505798339844,-0.3219451308250427
169,1.0,car,0.6469744443893433,687,202,-22.894180297851562,1.7356444597244263
169,5.0,person,0.5051618218421936,320,269,-5.272380828857422,10.25042724609375
169,6.0,car,0.5055420398712158,1280,204,-40.31437301635742,-0.9292596578598022
170,3.0,car,0.7173886299133301,1125,204,-36.549251556396484,-0.3177538812160492
170,1.0,car,0.6063908934593201,687,203,-22.848024368286133,1.8255131244659424
170,5.0,person,0.5307132005691528,319,271,-5.212994575500488,10.405046463012695
170,6.0,car,0.5878173112869263,1281,205,-40.27065658569336,-0.8589839935302734
171,3.0,car,0.642450213432312,1124,206,-36.3964958190918,-0.1588224172592163
171,1.0,car,0.6744587421417236,686,205,-22.71824073791504,2.010241985321045
171,5.0,person,0.5578616261482239,319,272,-5.2075018882751465,10.476526260375977
172,3.0,car,0.5904859900474548,1122,208,-36.218994140625,0.0033356002531945705
172,1.0,car,0.5087758898735046,685,206,-22.63469886779785,2.105172634124756
173,3.0,car,0.5645207762718201,1121,209,-36.13063430786133,0.08405552059412003
173,1.0,car,0.6067733764648438,685,207,-22.589515686035156,2.1934614181518555
173,6.0,car,0.5616607069969177,1275,211,-39.73949432373047,-0.39733973145484924
174,3.0,car,0.567527711391449,1121,209,-36.13063430786133,0.08405552059412003
174,1.0,car,0.6246484518051147,685,207,-22.589515686035156,2.1934614181518555
174,6.0,car,0.5853951573371887,1274,212,-39.651824951171875,-0.32114410400390625
175,3.0,car,0.5790613889694214,1120,209,-36.10483932495117,0.08837909996509552
175,1.0,car,0.6559705138206482,685,208,-22.544536590576172,2.2813470363616943
175,6.0,car,0.5315483808517456,1273,212,-39.62897872924805,-0.31724533438682556
176,3.0,car,0.633827805519104,1120,208,-36.16737747192383,0.011933989822864532
176,1.0,car,0.6709776520729065,685,207,-22.589515686035156,2.1934614181518555
177,3.0,car,0.6503163576126099,1120,208,-36.16737747192383,0.011933989822864532
177,1.0,car,0.662272572517395,686,208,-22.582490921020508,2.2750244140625
177,5.0,person,0.5060574412345886,321,274,-5.292082786560059,10.597100257873535
178,3.0,car,0.607466459274292,1121,208,-36.19319534301758,0.007633063942193985
178,1.0,car,0.5201878547668457,686,208,-22.582490921020508,2.2750244140625
178,5.0,person,0.5875542163848877,319,274,-5.196593284606934,10.618478775024414
178,6.0,car,0.5205695033073425,1272,210,-39.735939025878906,-0.45832163095474243
179,1.0,car,0.6316006183624268,686,209,-22.53765296936035,2.3624815940856934
179,6.0,car,0.6264051795005798,1273,212,-39.62897872924805,-0.31724533438682556
180,6.0,car,0.5681806802749634,1272,214,-39.477210998535156,-0.16938354074954987
180,3.0,car,0.5457593202590942,1119,214,-35.76994323730469,0.4707728624343872
181,3.0,car,0.5770639181137085,1119,217,-35.587242126464844,0.694252073764801
181,1.0,car,0.607928454875946,685,217,-22.14879035949707,3.054626703262329
182,3.0,car,0.565488338470459,1118,219,-35.44096374511719,0.84641033411026
182,6.0,car,0.5131811499595642,1270,217,-39.23992156982422,0.052683115005493164
183,3.0,car,0.5067005753517151,1116,222,-35.21055603027344,1.07508385181427
185,3.0,car,0.5254828333854675,1117,224,-35.11774444580078,1.2154690027236938
187,3.0,car,0.6206672787666321,1115,227,-34.8908576965332,1.4404208660125732
188,3.0,car,0.5862733721733093,1115,228,-34.832679748535156,1.511777639389038
189,3.0,car,0.6016663312911987,1114,228,-34.807212829589844,1.5165176391601562
190,3.0,car,0.5472154021263123,1114,228,-34.807212829589844,1.5165176391601562
191,3.0,car,0.550655722618103,1114,228,-34.807212829589844,1.5165176391601562
192,3.0,car,0.5313144326210022,1114,228,-34.807212829589844,1.5165176391601562
193,3.0,car,0.5316440463066101,1114,228,-34.807212829589844,1.5165176391601562
194,3.0,car,0.5042842626571655,1113,228,-34.78172302246094,1.5212613344192505
195,6.0,car,0.5153186321258545,1262,224,-38.6183967590332,0.5770280361175537
196,,person,0.5300599932670593,304,309,-4.352713584899902,13.068538665771484
196,,car,0.5025507211685181,1357,232,-40.21541976928711,0.7294106483459473
197,6.0,car,0.5487992167472839,1262,225,-38.556636810302734,0.6463669538497925
198,6.0,car,0.5328988432884216,1262,225,-38.556636810302734,0.6463669538497925
199,,person,0.5434058904647827,304,310,-4.349513530731201,13.12878704071045
200,3.0,car,0.5084208846092224,1108,227,-34.71199417114258,1.4735437631607056
201,3.0,car,0.5258515477180481,1107,227,-34.686363220214844,1.4782904386520386
203,,person,0.5065836906433105,301,310,-4.21501350402832,13.162153244018555
204,3.0,car,0.6075592637062073,1104,226,-34.667476654052734,1.4207220077514648
205,,person,0.521589457988739,300,310,-4.170096397399902,13.173295974731445
206,1.0,car,0.5013254880905151,683,238,-21.21226692199707,4.757409572601318
206,6.0,car,0.5336728096008301,1258,224,-38.52688217163086,0.5937186479568481
206,3.0,car,0.5151202082633972,1103,227,-34.58363723754883,1.4973140954971313
207,1.0,car,0.5034348368644714,683,238,-21.21226692199707,4.757409572601318
207,6.0,car,0.5298992991447449,1259,224,-38.54978561401367,0.5895413160324097
207,3.0,car,0.50927734375,1103,227,-34.58363723754883,1.4973140954971313
208,1.0,car,0.5098448395729065,683,239,-21.17316246032715,4.834091663360596
208,6.0,car,0.547306478023529,1258,224,-38.52688217163086,0.5937186479568481
209,1.0,car,0.5321828126907349,683,239,-21.17316246032715,4.834091663360596
209,6.0,car,0.5350645184516907,1258,224,-38.52688217163086,0.5937186479568481
210,3.0,car,0.5194277763366699,1104,227,-34.60934829711914,1.492552638053894
211,3.0,car,0.6190945506095886,1105,227,-34.635040283203125,1.4877948760986328
211,1.0,car,0.5508763790130615,686,239,-21.2813777923584,4.8128838539123535
212,3.0,car,0.635888397693634,1105,227,-34.635040283203125,1.4877948760986328
212,1.0,car,0.5387276411056519,687,239,-21.317384719848633,4.805827617645264
213,3.0,car,0.6160557866096497,1106,228,-34.60274887084961,1.5545705556869507
213,1.0,car,0.561307430267334,687,238,-21.356725692749023,4.7292256355285645
214,3.0,car,0.596798300743103,1107,229,-34.57059860229492,1.6210511922836304
215,3.0,car,0.5542694926261902,1108,230,-34.53858947753906,1.6872386932373047
215,7.0,person,0.546165943145752,1802,1067,-23.647377014160156,21.746749877929688
215,6.0,car,0.5712980031967163,1261,231,-38.16777420043945,1.061712622642517
216,8.0,person,0.553056001663208,303,298,-4.34288215637207,12.399055480957031
